platform,date,text,likes,retweets,replies,hashtags,mentions,language,url,user_type,media_attached,sentiment,word_count,subreddit,title,full_text,upvotes,comments,awards,flair,reading_time,author,reactions,post_type,brand_mentioned,brand_sentiment,has_hashtags,is_negative,engagement_rate,sentiment_category,engagement
twitter,2025-04-17 22:00:45.942442,"Thrift shopping is my go-to for sustainable fashion. Reduce, reuse, recycle! ♻️ #SlowFashion",413.0,39.0,22.0,SlowFashion,,en,https://twitter.com/user/status/47700,consumer,True,-0.0319022954757977,13,Other,,,,,,,,,,,Unknown,0.0,True,True,,Neutral,413.0
twitter,2025-05-06 22:00:45.942442,Disappointed with @HnM's new 'conscious' line. This is pure greenwashing!,2991.0,7.0,12.0,,HnM,en,https://twitter.com/user/status/83258,influencer,True,0.434292675347897,10,Other,,,,,,,,,,,HnM,0.2,False,False,,Positive,2991.0
twitter,2025-04-20 22:00:45.942442,Just visited @Reformation's new store. Their transparent supply chain sets the standard! #EthicalFashion,3259.0,46.0,8.0,EthicalFashion,Reformation,en,https://twitter.com/user/status/98252,brand,False,0.6084627428694516,13,Other,,,,,,,,,,,Reformation,0.7,True,False,,Very Positive,3259.0
twitter,2025-05-04 22:00:45.942442,"Thrift shopping is my go-to for sustainable fashion. Reduce, reuse, recycle! ♻️ #SlowFashion",1785.0,41.0,39.0,SlowFashion,,en,https://twitter.com/user/status/62930,consumer,True,0.7891551919936668,13,Other,,,,,,,,,,,Unknown,0.0,True,False,,Very Positive,1785.0
twitter,2025-05-16 22:00:45.942442,Disappointed with @HnM's new 'conscious' line. This is pure greenwashing!,121.0,48.0,18.0,,HnM,en,https://twitter.com/user/status/29855,brand,True,0.6777889292829822,10,Other,,,,,,,,,,,HnM,0.2,False,False,,Very Positive,121.0
twitter,2025-05-01 22:00:45.942442,Just visited @Reformation's new store. Their transparent supply chain sets the standard! #EthicalFashion,1348.0,82.0,3.0,EthicalFashion,Reformation,en,https://twitter.com/user/status/94841,consumer,True,0.8368299971675814,13,Other,,,,,,,,,,,Reformation,0.7,True,False,,Very Positive,1348.0
twitter,2025-05-12 22:00:45.942442,"Thrift shopping is my go-to for sustainable fashion. Reduce, reuse, recycle! ♻️ #SlowFashion",1289.0,12.0,26.0,SlowFashion,,en,https://twitter.com/user/status/46630,influencer,False,-0.3014343100881753,13,Other,,,,,,,,,,,Unknown,0.0,True,True,,Negative,1289.0
twitter,2025-05-10 22:00:45.942442,Disappointed with @HnM's new 'conscious' line. This is pure greenwashing!,1923.0,177.0,40.0,,HnM,en,https://twitter.com/user/status/40389,brand,False,-0.0661677480611209,10,Other,,,,,,,,,,,HnM,0.2,False,True,,Neutral,1923.0
twitter,2025-04-29 22:00:45.942442,Just visited @Reformation's new store. Their transparent supply chain sets the standard! #EthicalFashion,4321.0,104.0,48.0,EthicalFashion,Reformation,en,https://twitter.com/user/status/66250,influencer,False,0.4039044891338958,13,Other,,,,,,,,,,,Reformation,0.7,True,False,,Positive,4321.0
twitter,2025-04-18 22:00:45.942442,"Thrift shopping is my go-to for sustainable fashion. Reduce, reuse, recycle! ♻️ #SlowFashion",4979.0,69.0,47.0,SlowFashion,,en,https://twitter.com/user/status/13951,influencer,False,0.1759632854620716,13,Other,,,,,,,,,,,Unknown,0.0,True,False,,Positive,4979.0
twitter,2025-05-07 22:00:45.942442,Disappointed with @HnM's new 'conscious' line. This is pure greenwashing!,4875.0,158.0,37.0,,HnM,en,https://twitter.com/user/status/67883,influencer,True,0.1658183237620213,10,Other,,,,,,,,,,,HnM,0.2,False,False,,Positive,4875.0
twitter,2025-04-21 22:00:45.942442,Just visited @Reformation's new store. Their transparent supply chain sets the standard! #EthicalFashion,971.0,126.0,31.0,EthicalFashion,Reformation,en,https://twitter.com/user/status/33054,consumer,False,0.0574188323450075,13,Other,,,,,,,,,,,Reformation,0.7,True,False,,Neutral,971.0
twitter,2025-05-02 22:00:45.942442,"Thrift shopping is my go-to for sustainable fashion. Reduce, reuse, recycle! ♻️ #SlowFashion",3381.0,193.0,0.0,SlowFashion,,en,https://twitter.com/user/status/12245,consumer,False,-0.0714080280273961,13,Other,,,,,,,,,,,Unknown,0.0,True,True,,Neutral,3381.0
twitter,2025-05-10 22:00:45.942442,Disappointed with @HnM's new 'conscious' line. This is pure greenwashing!,1022.0,88.0,34.0,,HnM,en,https://twitter.com/user/status/80084,consumer,True,-0.0657631427432471,10,Other,,,,,,,,,,,HnM,0.2,False,True,,Neutral,1022.0
twitter,2025-05-03 22:00:45.942442,Just visited @Reformation's new store. Their transparent supply chain sets the standard! #EthicalFashion,4489.0,71.0,40.0,EthicalFashion,Reformation,en,https://twitter.com/user/status/78490,consumer,False,0.0270228116707696,13,Other,,,,,,,,,,,Reformation,0.7,True,False,,Neutral,4489.0
reddit,2025-03-30 22:00:45.942442,Looking for reliable certification standards...,,,,,,,https://reddit.com/r/ZeroWaste/comments/64151,,,0.2161498149066986,12,ZeroWaste,How to identify greenwashing in fashion brands?,How to identify greenwashing in fashion brands? Looking for reliable certification standards...,1778.0,24.0,5.0,Discussion,0.1,,,,Unknown,0.0,False,False,,Positive,1778.0
reddit,2025-04-03 22:00:45.942442,Reduced my clothing purchases by 80%!,,,,,,,https://reddit.com/r/AntiConsumption/comments/51764,,,-0.0160283141583207,11,AntiConsumption,My 6-month capsule wardrobe experiment,My 6-month capsule wardrobe experiment Reduced my clothing purchases by 80%!,1903.0,12.0,1.0,Discussion,0.1,,,,Unknown,0.0,False,True,,Neutral,1903.0
reddit,2025-03-29 22:00:45.942442,Shocking data from new research study,,,,,,,https://reddit.com/r/AntiConsumption/comments/35306,,,0.2882573156365346,11,AntiConsumption,Fast fashion's environmental impact visualized,Fast fashion's environmental impact visualized Shocking data from new research study,504.0,140.0,1.0,,0.1,,,,Unknown,0.0,False,False,,Positive,504.0
reddit,2025-03-25 22:00:45.942442,Looking for reliable certification standards...,,,,,,,https://reddit.com/r/ZeroWaste/comments/70923,,,0.0482610107463164,12,ZeroWaste,How to identify greenwashing in fashion brands?,How to identify greenwashing in fashion brands? Looking for reliable certification standards...,1036.0,45.0,0.0,Discussion,0.1,,,,Unknown,0.0,False,False,,Neutral,1036.0
reddit,2025-05-08 22:00:45.942442,Reduced my clothing purchases by 80%!,,,,,,,https://reddit.com/r/SustainableFashion/comments/66288,,,0.4603282207696976,11,SustainableFashion,My 6-month capsule wardrobe experiment,My 6-month capsule wardrobe experiment Reduced my clothing purchases by 80%!,719.0,87.0,5.0,Discussion,0.1,,,,Unknown,0.0,False,False,,Positive,719.0
reddit,2025-05-03 22:00:45.942442,Shocking data from new research study,,,,,,,https://reddit.com/r/SustainableFashion/comments/20145,,,0.2795799121944666,11,SustainableFashion,Fast fashion's environmental impact visualized,Fast fashion's environmental impact visualized Shocking data from new research study,1157.0,146.0,4.0,Personal,0.1,,,,Unknown,0.0,False,False,,Positive,1157.0
reddit,2025-04-05 22:00:45.942442,Looking for reliable certification standards...,,,,,,,https://reddit.com/r/EthicalFashion/comments/20709,,,0.310494942915667,12,EthicalFashion,How to identify greenwashing in fashion brands?,How to identify greenwashing in fashion brands? Looking for reliable certification standards...,399.0,122.0,5.0,,0.1,,,,Unknown,0.0,False,False,,Positive,399.0
reddit,2025-05-02 22:00:45.942442,Reduced my clothing purchases by 80%!,,,,,,,https://reddit.com/r/SustainableFashion/comments/15886,,,0.5318751419978449,11,SustainableFashion,My 6-month capsule wardrobe experiment,My 6-month capsule wardrobe experiment Reduced my clothing purchases by 80%!,25.0,111.0,2.0,Discussion,0.1,,,,Unknown,0.0,False,False,,Very Positive,25.0
reddit,2025-03-23 22:00:45.942442,Shocking data from new research study,,,,,,,https://reddit.com/r/EthicalFashion/comments/28717,,,0.0386917543070919,11,EthicalFashion,Fast fashion's environmental impact visualized,Fast fashion's environmental impact visualized Shocking data from new research study,2070.0,145.0,5.0,Personal,0.1,,,,Unknown,0.0,False,False,,Neutral,2070.0
reddit,2025-04-07 22:00:45.942442,Looking for reliable certification standards...,,,,,,,https://reddit.com/r/ZeroWaste/comments/92280,,,0.0273640472616465,12,ZeroWaste,How to identify greenwashing in fashion brands?,How to identify greenwashing in fashion brands? Looking for reliable certification standards...,1451.0,113.0,2.0,Discussion,0.1,,,,Unknown,0.0,False,False,,Neutral,1451.0
reddit,2025-05-10 22:00:45.942442,Reduced my clothing purchases by 80%!,,,,,,,https://reddit.com/r/SustainableFashion/comments/62909,,,-0.2711636048241879,11,SustainableFashion,My 6-month capsule wardrobe experiment,My 6-month capsule wardrobe experiment Reduced my clothing purchases by 80%!,592.0,109.0,1.0,Personal,0.1,,,,Unknown,0.0,False,True,,Negative,592.0
reddit,2025-05-15 22:00:45.942442,Shocking data from new research study,,,,,,,https://reddit.com/r/EthicalFashion/comments/21019,,,0.1942793636185987,11,EthicalFashion,Fast fashion's environmental impact visualized,Fast fashion's environmental impact visualized Shocking data from new research study,718.0,48.0,5.0,Article,0.1,,,,Unknown,0.0,False,False,,Positive,718.0
reddit,2025-04-15 22:00:45.942442,Looking for reliable certification standards...,,,,,,,https://reddit.com/r/EthicalFashion/comments/34133,,,-0.2782947396262895,12,EthicalFashion,How to identify greenwashing in fashion brands?,How to identify greenwashing in fashion brands? Looking for reliable certification standards...,1397.0,132.0,2.0,Discussion,0.1,,,,Unknown,0.0,False,True,,Negative,1397.0
reddit,2025-04-08 22:00:45.942442,Reduced my clothing purchases by 80%!,,,,,,,https://reddit.com/r/SustainableFashion/comments/95970,,,0.5063742785709111,11,SustainableFashion,My 6-month capsule wardrobe experiment,My 6-month capsule wardrobe experiment Reduced my clothing purchases by 80%!,289.0,90.0,5.0,,0.1,,,,Unknown,0.0,False,False,,Very Positive,289.0
reddit,2025-05-03 22:00:45.942442,Shocking data from new research study,,,,,,,https://reddit.com/r/ZeroWaste/comments/45259,,,0.3553441077552426,11,ZeroWaste,Fast fashion's environmental impact visualized,Fast fashion's environmental impact visualized Shocking data from new research study,2067.0,62.0,0.0,Discussion,0.1,,,,Unknown,0.0,False,False,,Positive,2067.0
linkedin,2025-04-29 22:00:45.942442,Allbirds's new circular fashion initiative: recycling program,,,,,,,https://linkedin.com/feed/update/6763456,,,0.1724637724408619,7,Other,,,,50.0,,,,Allbirds Sustainability Team,2515.0,post,Unknown,0.0,False,False,,Positive,2515.0
linkedin,2025-03-11 22:00:45.942442,Patagonia's new circular fashion initiative: repair workshops,,,,,,,https://linkedin.com/feed/update/2428991,,,0.7235924927686136,7,Other,,,,156.0,,,,Patagonia Sustainability Team,100.0,news,Patagonia,0.9,False,False,,Very Positive,100.0
linkedin,2025-04-06 22:00:45.942442,Stella McCartney's new circular fashion initiative: repair workshops,,,,,,,https://linkedin.com/feed/update/3660177,,,0.5114980054348701,8,Other,,,,124.0,,,,Stella McCartney Sustainability Team,4567.0,post,Stella McCartney,0.8,False,False,,Very Positive,4567.0
linkedin,2025-03-06 22:00:45.942442,Patagonia's new circular fashion initiative: repair workshops,,,,,,,https://linkedin.com/feed/update/5289166,,,0.4241589730857409,7,Other,,,,145.0,,,,Patagonia Sustainability Team,242.0,article,Patagonia,0.9,False,False,,Positive,242.0
linkedin,2025-04-24 22:00:45.942442,Stella McCartney's new circular fashion initiative: repair workshops,,,,,,,https://linkedin.com/feed/update/1196198,,,0.6392812978079024,8,Other,,,,191.0,,,,Stella McCartney Sustainability Team,4928.0,news,Stella McCartney,0.8,False,False,,Very Positive,4928.0
linkedin,2025-03-24 22:00:45.942442,Eileen Fisher's new circular fashion initiative: recycling program,,,,,,,https://linkedin.com/feed/update/8070600,,,0.383045771329369,8,Other,,,,45.0,,,,Eileen Fisher Sustainability Team,2692.0,post,Unknown,0.0,False,False,,Positive,2692.0
linkedin,2025-04-27 22:00:45.942442,Patagonia's new circular fashion initiative: rental service,,,,,,,https://linkedin.com/feed/update/3951543,,,0.7977911341387509,7,Other,,,,63.0,,,,Patagonia Sustainability Team,2097.0,news,Patagonia,0.9,False,False,,Very Positive,2097.0
linkedin,2025-05-03 22:00:45.952088,Stella McCartney's new circular fashion initiative: recycling program,,,,,,,https://linkedin.com/feed/update/3734051,,,0.4508767821878404,8,Other,,,,11.0,,,,Stella McCartney Sustainability Team,3463.0,post,Stella McCartney,0.8,False,False,,Positive,3463.0
linkedin,2025-04-12 22:00:45.952088,Veja's new circular fashion initiative: repair workshops,,,,,,,https://linkedin.com/feed/update/4870914,,,0.3710612552448189,7,Other,,,,75.0,,,,Veja Sustainability Team,1279.0,article,Unknown,0.0,False,False,,Positive,1279.0
linkedin,2025-04-17 22:00:45.952088,Allbirds's new circular fashion initiative: repair workshops,,,,,,,https://linkedin.com/feed/update/7778066,,,0.1967645738783733,7,Other,,,,188.0,,,,Allbirds Sustainability Team,2561.0,news,Unknown,0.0,False,False,,Positive,2561.0
